date,account,events,active_users
2026-06-01,Acme,134,31
2026-06-01,Globex,92,23
2026-06-01,Stark,164,37
2026-06-01,Umbrella,43,7
2026-06-01,Soylent,33,7
2026-06-01,PiedPiper,12,5
2026-06-01,Initech,64,12
2026-06-01,Vandelay,20,3
2026-06-01,Hooli,116,29
2026-06-01,Wayne,30,6
2026-06-02,Acme,158,29
2026-06-02,Globex,87,22
2026-06-02,Stark,207,40
2026-06-02,Umbrella,43,8
2026-06-02,Soylent,41,5
2026-06-02,PiedPiper,13,1
2026-06-02,Initech,18,10
2026-06-02,Vandelay,19,7
2026-06-02,Hooli,128,24
2026-06-02,Wayne,36,4
2026-06-03,Acme,136,31
2026-06-03,Globex,97,23
2026-06-03,Stark,197,41
2026-06-03,Umbrella,46,9
2026-06-03,Soylent,29,6
2026-06-03,PiedPiper,10,4
2026-06-03,Initech,51,16
2026-06-03,Vandelay,19,3
2026-06-03,Hooli,131,29
2026-06-03,Wayne,33,8
2026-06-04,Acme,189,32
2026-06-04,Globex,61,20
2026-06-04,Stark,210,37
2026-06-04,Umbrella,40,8
2026-06-04,Soylent,32,9
2026-06-04,PiedPiper,13,5
2026-06-04,Initech,63,10
2026-06-04,Vandelay,21,3
2026-06-04,Hooli,136,25
2026-06-04,Wayne,29,8
2026-06-05,Acme,114,31
2026-06-05,Globex,51,19
2026-06-05,Stark,145,41
2026-06-05,Umbrella,51,8
2026-06-05,Soylent,37,8
2026-06-05,PiedPiper,15,5
2026-06-05,Initech,58,9
2026-06-05,Vandelay,30,6
2026-06-05,Hooli,143,26
2026-06-05,Wayne,44,6
2026-06-06,Acme,68,11
2026-06-06,Globex,28,5
2026-06-06,Stark,57,17
2026-06-06,Umbrella,16,4
2026-06-06,Soylent,4,4
2026-06-06,PiedPiper,4,1
2026-06-06,Initech,16,4
2026-06-06,Vandelay,12,1
2026-06-06,Hooli,34,12
2026-06-06,Wayne,9,1
2026-06-07,Acme,50,8
2026-06-07,Globex,35,5
2026-06-07,Stark,72,14
2026-06-07,Umbrella,21,3
2026-06-07,Soylent,16,1
2026-06-07,PiedPiper,4,1
2026-06-07,Initech,27,1
2026-06-07,Vandelay,10,3
2026-06-07,Hooli,53,10
2026-06-07,Wayne,10,1
2026-06-08,Acme,96,32
2026-06-08,Globex,90,25
2026-06-08,Stark,144,41
2026-06-08,Umbrella,24,7
2026-06-08,Soylent,37,9
2026-06-08,PiedPiper,16,3
2026-06-08,Initech,39,12
2026-06-08,Vandelay,28,6
2026-06-08,Hooli,90,28
2026-06-08,Wayne,30,8
2026-06-09,Acme,184,33
2026-06-09,Globex,101,26
2026-06-09,Stark,180,40
2026-06-09,Umbrella,41,11
2026-06-09,Soylent,36,8
2026-06-09,PiedPiper,15,2
2026-06-09,Initech,31,12
2026-06-09,Vandelay,26,4
2026-06-09,Hooli,133,27
2026-06-09,Wayne,22,8
2026-06-10,Acme,133,29
2026-06-10,Globex,105,21
2026-06-10,Stark,138,41
2026-06-10,Umbrella,44,7
2026-06-10,Soylent,38,9
2026-06-10,PiedPiper,9,4
2026-06-10,Initech,55,16
2026-06-10,Vandelay,13,6
2026-06-10,Hooli,101,26
2026-06-10,Wayne,44,6
2026-06-11,Acme,218,31
2026-06-11,Globex,103,20
2026-06-11,Stark,140,40
2026-06-11,Umbrella,37,8
2026-06-11,Soylent,16,11
2026-06-11,PiedPiper,11,5
2026-06-11,Initech,41,12
2026-06-11,Vandelay,44,3
2026-06-11,Hooli,68,25
2026-06-11,Wayne,33,8
2026-06-12,Acme,185,31
2026-06-12,Globex,56,20
2026-06-12,Stark,222,41
2026-06-12,Umbrella,20,8
2026-06-12,Soylent,47,11
2026-06-12,PiedPiper,13,4
2026-06-12,Initech,37,10
2026-06-12,Vandelay,25,6
2026-06-12,Hooli,125,25
2026-06-12,Wayne,21,5
2026-06-13,Acme,34,12
2026-06-13,Globex,14,6
2026-06-13,Stark,66,17
2026-06-13,Umbrella,14,4
2026-06-13,Soylent,11,1
2026-06-13,PiedPiper,3,4
2026-06-13,Initech,24,5
2026-06-13,Vandelay,16,1
2026-06-13,Hooli,44,9
2026-06-13,Wayne,9,7
2026-06-14,Acme,67,8
2026-06-14,Globex,29,8
2026-06-14,Stark,71,11
2026-06-14,Umbrella,6,1
2026-06-14,Soylent,12,2
2026-06-14,PiedPiper,4,1
2026-06-14,Initech,13,1
2026-06-14,Vandelay,9,2
2026-06-14,Hooli,48,10
2026-06-14,Wayne,9,5
2026-06-15,Acme,135,30
2026-06-15,Globex,82,20
2026-06-15,Stark,77,40
2026-06-15,Umbrella,42,7
2026-06-15,Soylent,28,8
2026-06-15,PiedPiper,17,3
2026-06-15,Initech,48,10
2026-06-15,Vandelay,24,3
2026-06-15,Hooli,106,26
2026-06-15,Wayne,43,8
2026-06-16,Acme,176,30
2026-06-16,Globex,110,19
2026-06-16,Stark,183,41
2026-06-16,Umbrella,32,12
2026-06-16,Soylent,39,3
2026-06-16,PiedPiper,13,2
2026-06-16,Initech,55,12
2026-06-16,Vandelay,27,1
2026-06-16,Hooli,78,28
2026-06-16,Wayne,39,10
2026-06-17,Acme,203,28
2026-06-17,Globex,113,17
2026-06-17,Stark,238,41
2026-06-17,Umbrella,28,12
2026-06-17,Soylent,40,3
2026-06-17,PiedPiper,12,2
2026-06-17,Initech,56,10
2026-06-17,Vandelay,33,2
2026-06-17,Hooli,118,30
2026-06-17,Wayne,23,7
2026-06-18,Acme,147,30
2026-06-18,Globex,110,21
2026-06-18,Stark,129,44
2026-06-18,Umbrella,47,8
2026-06-18,Soylent,29,6
2026-06-18,PiedPiper,15,3
2026-06-18,Initech,61,11
2026-06-18,Vandelay,28,5
2026-06-18,Hooli,131,26
2026-06-18,Wayne,36,8
2026-06-19,Acme,135,30
2026-06-19,Globex,72,20
2026-06-19,Stark,128,42
2026-06-19,Umbrella,39,11
2026-06-19,Soylent,54,7
2026-06-19,PiedPiper,7,2
2026-06-19,Initech,53,8
2026-06-19,Vandelay,23,6
2026-06-19,Hooli,97,25
2026-06-19,Wayne,24,10
2026-06-20,Acme,47,9
2026-06-20,Globex,30,9
2026-06-20,Stark,49,15
2026-06-20,Umbrella,16,4
2026-06-20,Soylent,16,1
2026-06-20,PiedPiper,5,1
2026-06-20,Initech,17,6
2026-06-20,Vandelay,10,1
2026-06-20,Hooli,27,10
2026-06-20,Wayne,8,1
2026-06-21,Acme,41,11
2026-06-21,Globex,15,8
2026-06-21,Stark,62,13
2026-06-21,Umbrella,17,4
2026-06-21,Soylent,10,1
2026-06-21,PiedPiper,4,1
2026-06-21,Initech,17,2
2026-06-21,Hooli,39,9
2026-06-21,Wayne,10,4
2026-06-22,Acme,147,31
2026-06-22,Globex,66,23
2026-06-22,Stark,192,43
2026-06-22,Umbrella,32,8
2026-06-22,Soylent,34,7
2026-06-22,PiedPiper,12,1
2026-06-22,Initech,66,13
2026-06-22,Hooli,141,31
2026-06-22,Wayne,27,6
2026-06-23,Acme,140,36
2026-06-23,Globex,53,22
2026-06-23,Stark,107,35
2026-06-23,Umbrella,19,5
2026-06-23,Soylent,44,5
2026-06-23,PiedPiper,11,1
2026-06-23,Initech,63,9
2026-06-23,Hooli,146,24
2026-06-23,Wayne,24,7
2026-06-24,Acme,140,35
2026-06-24,Globex,97,19
2026-06-24,Stark,146,39
2026-06-24,Umbrella,47,9
2026-06-24,Soylent,33,9
2026-06-24,PiedPiper,10,3
2026-06-24,Initech,57,14
2026-06-24,Hooli,107,25
2026-06-24,Wayne,22,8
2026-06-25,Acme,119,32
2026-06-25,Globex,49,23
2026-06-25,Stark,113,39
2026-06-25,Umbrella,50,5
2026-06-25,Soylent,34,7
2026-06-25,PiedPiper,9,5
2026-06-25,Initech,75,7
2026-06-25,Hooli,70,28
2026-06-25,Wayne,20,6
2026-06-26,Acme,144,33
2026-06-26,Globex,89,21
2026-06-26,Stark,136,43
2026-06-26,Umbrella,35,9
2026-06-26,Soylent,30,7
2026-06-26,PiedPiper,11,3
2026-06-26,Initech,41,13
2026-06-26,Hooli,148,27
2026-06-26,Wayne,35,8
2026-06-27,Acme,60,11
2026-06-27,Globex,35,9
2026-06-27,Stark,60,12
2026-06-27,Umbrella,14,1
2026-06-27,Soylent,12,3
2026-06-27,PiedPiper,5,1
2026-06-27,Initech,23,4
2026-06-27,Hooli,28,6
2026-06-27,Wayne,7,1
2026-06-28,Acme,56,10
2026-06-28,Globex,37,7
2026-06-28,Stark,75,16
2026-06-28,Umbrella,11,2
2026-06-28,Soylent,10,1
2026-06-28,PiedPiper,4,3
2026-06-28,Initech,19,3
2026-06-28,Hooli,48,4
2026-06-28,Wayne,10,2
2026-06-29,Acme,120,34
2026-06-29,Globex,118,21
2026-06-29,Stark,166,39
2026-06-29,Umbrella,34,5
2026-06-29,Soylent,47,9
2026-06-29,PiedPiper,14,1
2026-06-29,Initech,83,15
2026-06-29,Hooli,115,24
2026-06-29,Wayne,23,7
2026-06-30,Acme,108,32
2026-06-30,Globex,120,18
2026-06-30,Stark,255,43
2026-06-30,Umbrella,27,5
2026-06-30,Soylent,32,5
2026-06-30,PiedPiper,11,1
2026-06-30,Initech,51,15
2026-06-30,Hooli,79,26
2026-06-30,Wayne,18,8
2026-07-01,Acme,132,36
2026-07-01,Globex,99,20
2026-07-01,Stark,193,39
2026-07-01,Umbrella,26,9
2026-07-01,Soylent,33,8
2026-07-01,PiedPiper,13,2
2026-07-01,Initech,60,15
2026-07-01,Hooli,79,30
2026-07-01,Wayne,28,5
2026-07-02,Acme,224,32
2026-07-02,Globex,127,23
2026-07-02,Stark,98,40
2026-07-02,Umbrella,34,5
2026-07-02,Soylent,19,7
2026-07-02,PiedPiper,13,4
2026-07-02,Initech,50,10
2026-07-02,Hooli,82,25
2026-07-02,Wayne,22,6
2026-07-03,Acme,139,30
2026-07-03,Globex,89,20
2026-07-03,Stark,169,41
2026-07-03,Umbrella,41,9
2026-07-03,Soylent,20,6
2026-07-03,PiedPiper,12,4
2026-07-03,Initech,33,12
2026-07-03,Hooli,143,26
2026-07-03,Wayne,29,7
2026-07-04,Acme,52,12
2026-07-04,Globex,33,7
2026-07-04,Stark,47,13
2026-07-04,Umbrella,18,2
2026-07-04,Soylent,11,1
2026-07-04,PiedPiper,5,1
2026-07-04,Initech,23,2
2026-07-04,Hooli,28,9
2026-07-04,Wayne,10,3
2026-07-05,Acme,62,10
2026-07-05,Globex,36,5
2026-07-05,Stark,78,15
2026-07-05,Umbrella,15,3
2026-07-05,Soylent,9,2
2026-07-05,PiedPiper,4,1
2026-07-05,Initech,19,1
2026-07-05,Hooli,40,7
2026-07-05,Wayne,7,2
2026-07-06,Acme,75,33
2026-07-06,Globex,115,21
2026-07-06,Stark,127,38
2026-07-06,Umbrella,38,3
2026-07-06,Soylent,36,9
2026-07-06,PiedPiper,11,2
2026-07-06,Initech,57,12
2026-07-06,Hooli,140,26
2026-07-06,Wayne,24,6
2026-07-07,Acme,146,35
2026-07-07,Globex,87,19
2026-07-07,Stark,133,36
2026-07-07,Umbrella,43,5
2026-07-07,Soylent,24,3
2026-07-07,PiedPiper,8,4
2026-07-07,Initech,36,8
2026-07-07,Hooli,114,25
2026-07-07,Wayne,33,8
2026-07-08,Acme,139,29
2026-07-08,Globex,92,22
2026-07-08,Stark,145,37
2026-07-08,Umbrella,51,7
2026-07-08,Soylent,31,7
2026-07-08,PiedPiper,15,4
2026-07-08,Initech,50,13
2026-07-08,Hooli,169,29
2026-07-08,Wayne,35,4
2026-07-09,Acme,271,29
2026-07-09,Globex,86,20
2026-07-09,Stark,239,41
2026-07-09,Umbrella,25,8
2026-07-09,Soylent,39,7
2026-07-09,PiedPiper,8,2
2026-07-09,Initech,48,11
2026-07-09,Hooli,95,28
2026-07-09,Wayne,22,3
2026-07-10,Acme,114,34
2026-07-10,Globex,81,26
2026-07-10,Stark,190,38
2026-07-10,Umbrella,31,8
2026-07-10,Soylent,24,11
2026-07-10,PiedPiper,9,4
2026-07-10,Initech,75,11
2026-07-10,Hooli,82,26
2026-07-10,Wayne,32,8
2026-07-11,Acme,49,8
2026-07-11,Globex,33,6
2026-07-11,Stark,27,12
2026-07-11,Umbrella,8,4
2026-07-11,Soylent,18,6
2026-07-11,PiedPiper,3,1
2026-07-11,Initech,22,6
2026-07-11,Hooli,34,9
2026-07-11,Wayne,16,2
2026-07-12,Acme,43,11
2026-07-12,Globex,38,5
2026-07-12,Stark,55,11
2026-07-12,Umbrella,13,6
2026-07-12,Soylent,14,2
2026-07-12,PiedPiper,3,1
2026-07-12,Initech,24,3
2026-07-12,Hooli,52,6
2026-07-12,Wayne,9,5
2026-07-13,Acme,69,34
2026-07-13,Globex,51,21
2026-07-13,Stark,162,42
2026-07-13,Umbrella,8,4
2026-07-13,Soylent,30,7
2026-07-13,PiedPiper,9,3
2026-07-13,Initech,38,11
2026-07-13,Hooli,86,27
2026-07-13,Wayne,34,9
2026-07-14,Acme,117,31
2026-07-14,Globex,96,21
2026-07-14,Stark,167,37
2026-07-14,Umbrella,43,6
2026-07-14,Soylent,26,4
2026-07-14,PiedPiper,15,3
2026-07-14,Initech,70,12
2026-07-14,Hooli,63,24
2026-07-14,Wayne,35,5
2026-07-15,Acme,101,31
2026-07-15,Globex,90,19
2026-07-15,Stark,156,39
2026-07-15,Umbrella,14,9
2026-07-15,Soylent,27,10
2026-07-15,PiedPiper,8,1
2026-07-15,Initech,71,8
2026-07-15,Hooli,92,27
2026-07-15,Wayne,27,3
2026-07-16,Acme,146,31
2026-07-16,Globex,125,22
2026-07-16,Stark,299,37
2026-07-16,Umbrella,39,6
2026-07-16,Soylent,45,9
2026-07-16,PiedPiper,14,1
2026-07-16,Initech,44,7
2026-07-16,Wayne,42,8
2026-07-17,Acme,130,34
2026-07-17,Globex,112,23
2026-07-17,Stark,100,39
2026-07-17,Umbrella,41,9
2026-07-17,Soylent,43,5
2026-07-17,PiedPiper,12,5
2026-07-17,Initech,64,13
2026-07-17,Wayne,29,8
2026-07-18,Acme,71,11
2026-07-18,Globex,43,5
2026-07-18,Stark,68,16
2026-07-18,Umbrella,11,5
2026-07-18,Soylent,10,1
2026-07-18,PiedPiper,4,5
2026-07-18,Initech,20,6
2026-07-18,Wayne,8,2
2026-07-19,Acme,34,10
2026-07-19,Globex,40,7
2026-07-19,Stark,81,13
2026-07-19,Umbrella,13,5
2026-07-19,Soylent,10,1
2026-07-19,PiedPiper,5,2
2026-07-19,Initech,8,4
2026-07-19,Wayne,9,5
2026-07-20,Acme,114,31
2026-07-20,Globex,73,19
2026-07-20,Stark,140,37
2026-07-20,Umbrella,29,5
2026-07-20,Soylent,21,4
2026-07-20,PiedPiper,10,2
2026-07-20,Initech,38,12
2026-07-20,Wayne,29,6
2026-07-21,Acme,123,35
2026-07-21,Globex,100,22
2026-07-21,Stark,60,39
2026-07-21,Umbrella,18,7
2026-07-21,Soylent,38,6
2026-07-21,PiedPiper,13,1
2026-07-21,Initech,62,8
2026-07-21,Wayne,28,7
2026-07-22,Acme,158,31
2026-07-22,Globex,141,20
2026-07-22,Stark,150,35
2026-07-22,Umbrella,57,7
2026-07-22,Soylent,24,10
2026-07-22,PiedPiper,15,3
2026-07-22,Initech,35,12
2026-07-22,Wayne,25,4
2026-07-23,Acme,176,27
2026-07-23,Globex,108,22
2026-07-23,Stark,257,41
2026-07-23,Umbrella,19,6
2026-07-23,Soylent,35,8
2026-07-23,PiedPiper,14,1
2026-07-23,Initech,50,13
2026-07-23,Wayne,41,10
2026-07-24,Acme,126,34
2026-07-24,Globex,135,24
2026-07-24,Stark,200,42
2026-07-24,Umbrella,32,5
2026-07-24,Soylent,43,7
2026-07-24,PiedPiper,11,2
2026-07-24,Initech,49,12
2026-07-24,Wayne,22,7
2026-07-25,Acme,52,11
2026-07-25,Globex,27,9
2026-07-25,Stark,87,13
2026-07-25,Umbrella,18,4
2026-07-25,Soylent,4,1
2026-07-25,PiedPiper,3,2
2026-07-25,Initech,20,5
2026-07-25,Wayne,12,1
2026-07-26,Acme,39,8
2026-07-26,Globex,31,7
2026-07-26,Stark,62,12
2026-07-26,Umbrella,17,4
2026-07-26,Soylent,16,4
2026-07-26,PiedPiper,4,2
2026-07-26,Initech,22,2
2026-07-26,Wayne,13,5
2026-07-27,Acme,209,32
2026-07-27,Globex,102,22
2026-07-27,Stark,169,41
2026-07-27,Umbrella,38,8
2026-07-27,Soylent,50,8
2026-07-27,PiedPiper,12,5
2026-07-27,Initech,57,12
2026-07-27,Wayne,29,4
2026-07-28,Acme,138,29
2026-07-28,Globex,99,19
2026-07-28,Stark,208,42
2026-07-28,Umbrella,42,8
2026-07-28,Soylent,38,3
2026-07-28,PiedPiper,8,3
2026-07-28,Initech,59,11
2026-07-28,Wayne,22,7
2026-07-29,Acme,124,30
2026-07-29,Globex,102,21
2026-07-29,Stark,220,41
2026-07-29,Umbrella,47,9
2026-07-29,Soylent,27,5
2026-07-29,PiedPiper,7,5
2026-07-29,Initech,40,11
2026-07-30,Acme,127,31
2026-07-30,Globex,81,17
2026-07-30,Stark,127,37
2026-07-30,Umbrella,38,7
2026-07-30,Soylent,28,8
2026-07-30,PiedPiper,10,5
2026-07-30,Initech,49,12
2026-07-31,Acme,93,33
2026-07-31,Globex,85,22
2026-07-31,Stark,184,40
2026-07-31,Umbrella,42,7
2026-07-31,Soylent,46,9
2026-07-31,PiedPiper,13,1
2026-07-31,Initech,39,10
2026-08-01,Acme,45,12
2026-08-01,Globex,25,9
2026-08-01,Stark,59,10
2026-08-01,Umbrella,12,1
2026-08-01,Soylent,9,1
2026-08-01,PiedPiper,3,1
2026-08-01,Initech,17,2
2026-08-02,Acme,67,13
2026-08-02,Globex,23,10
2026-08-02,Stark,35,12
2026-08-02,Umbrella,19,1
2026-08-02,Soylent,14,1
2026-08-02,PiedPiper,4,1
2026-08-02,Initech,27,2
2026-08-03,Acme,137,33
2026-08-03,Globex,89,20
2026-08-03,Stark,167,40
2026-08-03,Umbrella,48,6
2026-08-03,Soylent,31,8
2026-08-03,PiedPiper,11,3
2026-08-03,Initech,54,10
2026-08-04,Acme,112,33
2026-08-04,Globex,68,24
2026-08-04,Stark,179,38
2026-08-04,Umbrella,42,8
2026-08-04,Soylent,41,10
2026-08-04,PiedPiper,10,2
2026-08-04,Initech,46,9
2026-08-05,Acme,113,32
2026-08-05,Globex,95,20
2026-08-05,Stark,138,41
2026-08-05,Umbrella,34,6
2026-08-05,Soylent,33,7
2026-08-05,PiedPiper,8,5
2026-08-05,Initech,66,11
2026-08-06,Acme,144,33
2026-08-06,Globex,94,23
2026-08-06,Stark,240,40
2026-08-06,Umbrella,44,10
2026-08-06,Soylent,32,5
2026-08-06,PiedPiper,14,1
2026-08-06,Initech,79,13
2026-08-07,Acme,146,32
2026-08-07,Globex,136,19
2026-08-07,Stark,120,39
2026-08-07,Umbrella,37,6
2026-08-07,Soylent,36,7
2026-08-07,PiedPiper,9,5
2026-08-07,Initech,35,9
2026-08-08,Acme,53,10
2026-08-08,Globex,36,6
2026-08-08,Stark,44,12
2026-08-08,Umbrella,11,3
2026-08-08,Soylent,10,4
2026-08-08,PiedPiper,4,3
2026-08-08,Initech,23,5
2026-08-09,Acme,58,10
2026-08-09,Globex,31,3
2026-08-09,Stark,63,12
2026-08-09,Umbrella,15,3
2026-08-09,Soylent,8,1
2026-08-09,PiedPiper,3,1
2026-08-09,Initech,20,1
2026-08-10,Acme,141,28
2026-08-10,Globex,43,23
2026-08-10,Stark,114,39
2026-08-10,Umbrella,25,5
2026-08-10,Soylent,31,6
2026-08-10,PiedPiper,14,4
2026-08-10,Initech,51,13
2026-08-11,Acme,179,33
2026-08-11,Globex,85,23
2026-08-11,Stark,245,41
2026-08-11,Umbrella,57,10
2026-08-11,Soylent,42,5
2026-08-11,PiedPiper,8,3
2026-08-11,Initech,32,10
2026-08-12,Acme,170,30
2026-08-12,Globex,107,18
2026-08-12,Stark,149,42
2026-08-12,Umbrella,42,8
2026-08-12,Soylent,49,10
2026-08-12,PiedPiper,9,5
2026-08-12,Initech,46,11
2026-08-13,Acme,140,34
2026-08-13,Globex,68,22
2026-08-13,Stark,192,42
2026-08-13,Umbrella,37,10
2026-08-13,Soylent,28,9
2026-08-13,PiedPiper,13,1
2026-08-13,Initech,60,12
2026-08-14,Acme,127,30
2026-08-14,Globex,89,18
2026-08-14,Stark,241,38
2026-08-14,Umbrella,33,10
2026-08-14,Soylent,40,9
2026-08-14,PiedPiper,16,2
2026-08-14,Initech,40,13
2026-08-15,Acme,58,10
2026-08-15,Globex,22,10
2026-08-15,Stark,68,11
2026-08-15,Umbrella,16,1
2026-08-15,Soylent,10,1
2026-08-15,PiedPiper,3,1
2026-08-15,Initech,16,5
2026-08-16,Acme,52,12
2026-08-16,Globex,42,6
2026-08-16,Stark,60,15
2026-08-16,Umbrella,19,4
2026-08-16,Soylent,16,4
2026-08-16,PiedPiper,5,1
2026-08-16,Initech,23,4
2026-08-17,Acme,141,31
2026-08-17,Globex,84,22
2026-08-17,Stark,205,37
2026-08-17,Umbrella,42,7
2026-08-17,Soylent,26,8
2026-08-17,PiedPiper,11,2
2026-08-17,Initech,44,12
2026-08-18,Acme,139,30
2026-08-18,Globex,75,21
2026-08-18,Stark,187,38
2026-08-18,Umbrella,44,6
2026-08-18,Soylent,58,5
2026-08-18,PiedPiper,9,3
2026-08-18,Initech,42,13
2026-08-19,Acme,203,31
2026-08-19,Globex,99,20
2026-08-19,Stark,169,43
2026-08-19,Umbrella,48,6
2026-08-19,Soylent,48,10
2026-08-19,PiedPiper,13,2
2026-08-19,Initech,55,10
2026-08-20,Acme,156,31
2026-08-20,Globex,41,23
2026-08-20,Stark,178,42
2026-08-20,Umbrella,38,8
2026-08-20,Soylent,44,8
2026-08-20,PiedPiper,12,5
2026-08-20,Initech,52,12
2026-08-21,Acme,200,30
2026-08-21,Globex,70,18
2026-08-21,Stark,192,41
2026-08-21,Umbrella,47,5
2026-08-21,Soylent,43,10
2026-08-21,PiedPiper,11,3
2026-08-21,Initech,64,12
2026-08-22,Acme,56,9
2026-08-22,Globex,31,5
2026-08-22,Stark,68,15
2026-08-22,Umbrella,13,3
2026-08-22,Soylent,7,4
2026-08-22,PiedPiper,3,1
2026-08-22,Initech,24,2
2026-08-23,Acme,63,11
2026-08-23,Globex,33,8
2026-08-23,Stark,40,15
2026-08-23,Umbrella,14,5
2026-08-23,Soylent,11,1
2026-08-23,PiedPiper,4,1
2026-08-23,Initech,13,3
2026-08-24,Acme,184,32
2026-08-24,Globex,74,23
2026-08-24,Stark,91,36
2026-08-24,Umbrella,39,8
2026-08-24,Soylent,36,5
2026-08-24,PiedPiper,11,1
2026-08-24,Initech,58,8
2026-08-25,Acme,134,32
2026-08-25,Globex,53,20
2026-08-25,Stark,203,43
2026-08-25,Umbrella,24,9
2026-08-25,Soylent,24,5
2026-08-25,PiedPiper,16,4
2026-08-25,Initech,43,12
2026-08-26,Acme,162,32
2026-08-26,Globex,148,22
2026-08-26,Stark,42,40
2026-08-26,Umbrella,32,7
2026-08-26,Soylent,35,6
2026-08-26,PiedPiper,8,5
2026-08-26,Initech,63,10
2026-08-27,Acme,163,33
2026-08-27,Globex,125,19
2026-08-27,Stark,203,39
2026-08-27,Umbrella,51,8
2026-08-27,Soylent,15,7
2026-08-27,PiedPiper,6,3
2026-08-27,Initech,54,11
2026-08-28,Acme,87,29
2026-08-28,Globex,74,21
2026-08-28,Stark,224,42
2026-08-28,Umbrella,35,10
2026-08-28,Soylent,23,9
2026-08-28,PiedPiper,11,3
2026-08-28,Initech,63,10
